{"loss": [1.425742506980896, 0.5408267974853516, 0.3434520959854126, 0.2552539110183716, 0.19937437772750854, 0.16022200882434845, 0.13612613081932068, 0.11126132309436798, 0.09588350355625153, 0.08320558071136475], "accuracy": [0.5951699018478394, 0.8407889604568481, 0.8957687616348267, 0.9216117858886719, 0.9388881921768188, 0.9510740637779236, 0.9573363065719604, 0.965655505657196, 0.9703163504600525, 0.9739617109298706], "val_loss": [0.5889675617218018, 0.30526024103164673, 0.21505624055862427, 0.22897985577583313, 0.14071914553642273, 0.12636223435401917, 0.10082101821899414, 0.17013008892536163, 0.18200448155403137, 0.15556763112545013], "val_accuracy": [0.8234926462173462, 0.9036767482757568, 0.9339660406112671, 0.9294766187667847, 0.9537989497184753, 0.9617548584938049, 0.9678922295570374, 0.9498777985572815, 0.9474910497665405, 0.9580610394477844]}